Filename,Yaw,Pitch,Roll,Pose
group_20250304_160148_head_1.png,18.27287,-43.69645,-21.21382,Left
group_20250304_160148_head_0.png,-19.53665,53.503136,-16.059244,Right
